{
  "images" : [
    {
      "filename" : "pngegg-3.png",
      "idiom" : "iphone",
      "scale" : "1x"
    },
    {
      "filename" : "pngegg-2@2x-1.png",
      "idiom" : "iphone",
      "scale" : "2x"
    },
    {
      "filename" : "pngegg-2@3x-1.png",
      "idiom" : "iphone",
      "scale" : "3x"
    },
    {
      "idiom" : "mac",
      "scale" : "1x"
    },
    {
      "idiom" : "mac",
      "scale" : "2x"
    },
    {
      "filename" : "Icon-1024-2.png",
      "idiom" : "universal",
      "scale" : "1x",
      "unassigned" : true
    },
    {
      "filename" : "Icon-1024-3.png",
      "idiom" : "universal",
      "scale" : "2x",
      "unassigned" : true
    },
    {
      "filename" : "Icon-1024-4.png",
      "idiom" : "universal",
      "scale" : "3x",
      "unassigned" : true
    }
  ],
  "info" : {
    "author" : "xcode",
    "version" : 1
  }
}
